TRANSCRIPT_ID	DEPTH
TTGAAAGTTATACTTTT_A	5
TTGAAAGTTATACTTTT_B	5
GCTGCATAAGGGTTCCC_A	5
GCTGCATAAGGGTTCCC_B	5
AGTTCATCACATAGTAC_A	5
AGTTCATCACATAGTAC_B	5
CAAGCGGGAACTCAACC_A	5
CAAGCGGGAACTCAACC_B	5
GTCAGGTTAGTCTCCCT_A	5
GTCAGGTTAGTCTCCCT_B	5
TTAAGATTTTCTGGGGT_A	5
TTAAGATTTTCTGGGGT_B	5
ATGGTAAATCCTTGTTC_A	5
ATGGTAAATCCTTGTTC_B	5
GCAATCGTATACACGAC_A	5
GCAATCGTATACACGAC_B	5
TTCCTCTTGATGGACAT_A	5
TTCCTCTTGATGGACAT_B	5
GCGTGGTGGAATTTGCA_A	5
GCGTGGTGGAATTTGCA_B	5
CATCTCAGGAATCTCTG_A	5
CATCTCAGGAATCTCTG_B	5
TGCTTCGCGGATCAGTG_A	5
TGCTTCGCGGATCAGTG_B	5
CGGCGGGGTCACGGTCA_A	5
CGGCGGGGTCACGGTCA_B	5
AACGCACCATCAGTCCT_A	5
AACGCACCATCAGTCCT_B	5
TGGATGCACGGATTAAG_A	5
TGGATGCACGGATTAAG_B	5
TTGGCGGCCCGATGGCA_A	5
TTGGCGGCCCGATGGCA_B	5
GCTTCTACTCAATGAAA_A	5
GCTTCTACTCAATGAAA_B	5
GTACACGCAAGAGATAT_A	5
GTACACGCAAGAGATAT_B	5
CCTGCTAGATCGCAATC_A	5
CCTGCTAGATCGCAATC_B	5
AATACCACCGGTCCACA_A	5
AATACCACCGGTCCACA_B	5
CTACTGTCCAATCGGTG_A	5
CTACTGTCCAATCGGTG_B	5
CGCAAATAAGCTCTATA_A	5
CGCAAATAAGCTCTATA_B	5
GGGAGCAAGCTTCGCTC_A	5
GGGAGCAAGCTTCGCTC_B	5
CCCTAACATACGTCACA_A	5
CCCTAACATACGTCACA_B	5
GCATCCCAGAACTTTAG_A	5
GCATCCCAGAACTTTAG_B	5
CCACTCTGAATCGAGTA_A	5
CCACTCTGAATCGAGTA_B	5
CCGACCCCTGAAGATGA_A	5
CCGACCCCTGAAGATGA_B	5
TGATGGTTTCTTTTCAG_A	5
TGATGGTTTCTTTTCAG_B	5
TGCCCGAATGCAGCCGG_A	5
TGCCCGAATGCAGCCGG_B	5
TCCCGGTAAGCTAATGA_A	5
TCCCGGTAAGCTAATGA_B	5
ATGATAATGAAGTTCAC_A	5
ATGATAATGAAGTTCAC_B	5
AACCCCGTCATGGCTAC_A	5
AACCCCGTCATGGCTAC_B	5
ATGGCGCAATAGTTTGT_A	5
ATGGCGCAATAGTTTGT_B	5
TCCCCCGCGAGTGCCGA_A	5
TCCCCCGCGAGTGCCGA_B	5
TCGATCAAAGCATGCTT_A	5
TCGATCAAAGCATGCTT_B	5
TTTGGACACGGTACGAT_A	5
TTTGGACACGGTACGAT_B	5
TGGAGGACCCGTGCTAT_A	5
TGGAGGACCCGTGCTAT_B	5
AGAAGGTAGCATCGGAC_A	5
AGAAGGTAGCATCGGAC_B	5
GAGTCACTATATTCGTG_A	5
GAGTCACTATATTCGTG_B	5
ATGGCCGACGGACTGAT_A	5
ATGGCCGACGGACTGAT_B	5
TAACTGCCTTATTCTTT_A	5
TAACTGCCTTATTCTTT_B	5
AGTTAGATCGTCTTATG_A	5
AGTTAGATCGTCTTATG_B	5
TGTTTGTTCATTAGCGG_A	5
TGTTTGTTCATTAGCGG_B	5
GGCCTACGGGGTCACGA_A	5
GGCCTACGGGGTCACGA_B	5
AAGTCTCGACTTTTGCC_A	5
AAGTCTCGACTTTTGCC_B	5
TCTGTTGCTTTTGGTTG_A	5
TCTGTTGCTTTTGGTTG_B	5
AGTCATTTAGAAAGTAA_A	5
AGTCATTTAGAAAGTAA_B	5
CGCGTTAGATCCAATAT_A	5
CGCGTTAGATCCAATAT_B	5
AGAATCCCAATCGTGAC_A	5
AGAATCCCAATCGTGAC_B	5
TATCTACGGGTCGCGCA_A	5
TATCTACGGGTCGCGCA_B	5
CTCTTTCAATCCTGATG_A	5
CTCTTTCAATCCTGATG_B	5
GGTCCTTAAAGGTTGGT_A	5
GGTCCTTAAAGGTTGGT_B	5
CGTGCGTTCAGGCTCAG_A	5
CGTGCGTTCAGGCTCAG_B	5
GGAAAGGGTCTCCTTCC_A	5
GGAAAGGGTCTCCTTCC_B	5
ATACGTTGTTTGCTGCA_A	5
ATACGTTGTTTGCTGCA_B	5
TAACGCTCTATTTCGAG_A	5
TAACGCTCTATTTCGAG_B	5
TGGGCAGTTGAGTGACG_A	5
TGGGCAGTTGAGTGACG_B	5
TTTCTGGCAATACTGAA_A	5
TTTCTGGCAATACTGAA_B	5
GCAGGCTGTACGATGTC_A	5
GCAGGCTGTACGATGTC_B	5
AATAGCTATTGGCGACG_A	5
AATAGCTATTGGCGACG_B	5
CTAATCACTAAGAACCC_A	5
CTAATCACTAAGAACCC_B	5
AGACTACTAATAGCCAG_A	5
AGACTACTAATAGCCAG_B	5
AGAATAGTAGAGCTAAC_A	5
AGAATAGTAGAGCTAAC_B	5
CAGCAGCAAGCACTCTC_A	5
CAGCAGCAAGCACTCTC_B	5
GAAGCGGTATGTATGTT_A	5
GAAGCGGTATGTATGTT_B	5
GAAGTACATGTTATCAC_A	5
GAAGTACATGTTATCAC_B	5
ACGAGAATGCTTGCGTT_A	5
ACGAGAATGCTTGCGTT_B	5
ACATTGCCGATTCAGCA_A	5
ACATTGCCGATTCAGCA_B	5
GAATCCTCAATGCCTCC_A	5
GAATCCTCAATGCCTCC_B	5
TTTTAGGCCTACATTTC_A	5
TTTTAGGCCTACATTTC_B	5
CCGTAGATTAATTATCG_A	5
CCGTAGATTAATTATCG_B	5
AGCCTTTTGTCTACCGA_A	5
AGCCTTTTGTCTACCGA_B	5
CTCTTTGGGGCGCGCTG_A	5
CTCTTTGGGGCGCGCTG_B	5
ATCTAATTTTTTCAGAT_A	5
ATCTAATTTTTTCAGAT_B	5
GGCACGGGAATACAAAC_A	5
GGCACGGGAATACAAAC_B	5
CCGTTACATCATCCTAG_A	5
CCGTTACATCATCCTAG_B	5
GCACAACCTGAAAAGCA_A	5
GCACAACCTGAAAAGCA_B	5
TAAGGCAGCCGGCTTGA_A	5
TAAGGCAGCCGGCTTGA_B	5
GTTGTTACGCCTCTACG_A	5
GTTGTTACGCCTCTACG_B	5
ACCAAGGGATCATCTAA_A	5
ACCAAGGGATCATCTAA_B	5
TTTCGTCGAAGCGAGGG_A	5
TTTCGTCGAAGCGAGGG_B	5
TACGAGAGTAAGAGATC_A	5
TACGAGAGTAAGAGATC_B	5
GTGGAGTATCGTTTAGA_A	5
GTGGAGTATCGTTTAGA_B	5
AGGCGCGCCCTAGCCTC_A	5
AGGCGCGCCCTAGCCTC_B	5
CGATTTACTGTGTAACT_A	5
CGATTTACTGTGTAACT_B	5
GTCGAATACGGGGTACG_A	5
GTCGAATACGGGGTACG_B	5
GCGTCCTAGCGAAATCG_A	5
GCGTCCTAGCGAAATCG_B	5
GAAGGAATAAACTCCCC_A	5
GAAGGAATAAACTCCCC_B	5
GCTTTTAGATGTGTGCG_A	5
GCTTTTAGATGTGTGCG_B	5
GACGAGCCTTTTAGCAT_A	5
GACGAGCCTTTTAGCAT_B	5
CTCAGTCAAGATGTCGA_A	5
CTCAGTCAAGATGTCGA_B	5
ATTCAAGGGTCACGATA_A	5
ATTCAAGGGTCACGATA_B	5
TCTGCGTTAGAGTTGAC_A	5
TCTGCGTTAGAGTTGAC_B	5
TAGCTTGAGATTTCCAT_A	5
TAGCTTGAGATTTCCAT_B	5
TCCTATTTCGCACTAAC_A	5
TCCTATTTCGCACTAAC_B	5
TTATAGTAGAGTCAATA_A	5
TTATAGTAGAGTCAATA_B	5
TGTCGGCTGAAAAGGAC_A	5
TGTCGGCTGAAAAGGAC_B	5
TTATTCTACCTTTGACA_A	5
TTATTCTACCTTTGACA_B	5
GTCGGTGACTGGTATTG_A	5
GTCGGTGACTGGTATTG_B	5
AAGATCCGATATTTTAA_A	5
AAGATCCGATATTTTAA_B	5
